{"vertices": [0.3819660112501051, 0.0, 1.0, -0.3819660112501051, 0.0, 1.0, -0.6180339887498948, 0.6180339887498948, 0.6180339887498948, 0.0, 1.0, 0.3819660112501051, 0.6180339887498948, 0.6180339887498948, 0.6180339887498948, 0.6180339887498948, -0.6180339887498948, 0.6180339887498948, 0.0, -1.0, 0.3819660112501051, -0.6180339887498948, -0.6180339887498948, 0.6180339887498948, 0.3819660112501051, 0.0, -1.0, -0.3819660112501051, 0.0, -1.0, -0.6180339887498948, -0.6180339887498948, -0.6180339887498948, 0.0, -1.0, -0.3819660112501051, 0.6180339887498948, -0.6180339887498948, -0.6180339887498948, 0.6180339887498948, 0.6180339887498948, -0.6180339887498948, 0.0, 1.0, -0.3819660112501051, -0.6180339887498948, 0.6180339887498948, -0.6180339887498948, 1.0, 0.3819660112501051, 0.0, -1.0, 0.3819660112501051, 0.0, -1.0, -0.3819660112501051, 0.0, 1.0, -0.3819660112501051, 0.0, 0.0, 0.447213595499958, 0.7236067977499789, 0.0, -0.447213595499958, 0.7236067977499789, 0.0, -0.447213595499958, -0.7236067977499789, 0.0, 0.447213595499958, -0.7236067977499789, 0.447213595499958, 0.7236067977499789, 0.0, -0.447213595499958, 0.7236067977499789, 0.0, -0.447213595499958, -0.7236067977499789, 0.0, 0.447213595499958, -0.7236067977499789, 0.0, 0.7236067977499789, 0.0, 0.447213595499958, 0.7236067977499789, 0.0, -0.447213595499958, -0.7236067977499789, 0.0, -0.447213595499958, -0.7236067977499789, 0.0, 0.447213595499958], "indices": [20, 4, 3, 20, 3, 2, 20, 2, 1, 20, 1, 0, 20, 0, 4, 21, 7, 6, 21, 6, 5, 21, 5, 0, 21, 0, 1, 21, 1, 7, 22, 12, 11, 22, 11, 10, 22, 10, 9, 22, 9, 8, 22, 8, 12, 23, 15, 14, 23, 14, 13, 23, 13, 8, 23, 8, 9, 23, 9, 15, 24, 14, 3, 24, 3, 4, 24, 4, 16, 24, 16, 13, 24, 13, 14, 25, 3, 14, 25, 14, 15, 25, 15, 17, 25, 17, 2, 25, 2, 3, 26, 11, 6, 26, 6, 7, 26, 7, 18, 26, 18, 10, 26, 10, 11, 27, 6, 11, 27, 11, 12, 27, 12, 19, 27, 19, 5, 27, 5, 6, 28, 4, 0, 28, 0, 5, 28, 5, 19, 28, 19, 16, 28, 16, 4, 29, 12, 8, 29, 8, 13, 29, 13, 16, 29, 16, 19, 29, 19, 12, 30, 15, 9, 30, 9, 10, 30, 10, 18, 30, 18, 17, 30, 17, 15, 31, 7, 1, 31, 1, 2, 31, 2, 17, 31, 17, 18, 31, 18, 7], "colours": [400, 400, 400, 400, 400, 400, 400, 400, 400, 400, 400, 400, 400, 400, 400, 400, 400, 400, 400, 400, 0, 0, 0, 0, 0, 0, 0, 0, 0, 0, 0, 0]}